{
  "rmse": 12.236562705811235,
  "mae": 7.799280028505515,
  "r2": 0.5926117696383301,
  "max_error": 71.45892944335938,
  "p90_error": 20.8497053527832,
  "p50_error": 4.165417480468747,
  "num_test_samples": 1557
}